{
  "users": [
    {
      "name": "Jana Bauch",
      "avatar": "https://images.pexels.com/photos/9275279/pexels-photo-9275279.jpeg?auto=compress&cs=tinysrgb&dpr=2&h=650&w=940",
      "createdAt": "2021-10-08T09:17:55.726Z",
      "id": "1"
    },
    {
      "name": "Mrs. Raymond Waters",
      "avatar": "https://images.pexels.com/photos/7143201/pexels-photo-7143201.jpeg?auto=compress&cs=tinysrgb&dpr=2&h=650&w=940",
      "createdAt": "2021-10-08T12:44:10.708Z",
      "id": "2"
    },
    {
      "name": "Penny Emard III",
      "avatar": "https://images.pexels.com/photos/573299/pexels-photo-573299.jpeg?auto=compress&cs=tinysrgb&dpr=1&w=500",
      "createdAt": "2021-10-08T03:38:16.413Z",
      "id": "3"
    },
    {
      "name": "Craig Senger",
      "avatar": "https://images.pexels.com/photos/3568542/pexels-photo-3568542.jpeg?auto=compress&cs=tinysrgb&dpr=2&h=650&w=940",
      "createdAt": "2021-10-08T13:56:38.552Z",
      "id": "4"
    },
    {
      "name": "Ross Schmitt",
      "avatar": "https://images.pexels.com/photos/40901/lingerie-girl-sexy-beauty-40901.jpeg?auto=compress&cs=tinysrgb&dpr=1&w=500",
      "createdAt": "2021-10-08T22:08:46.152Z",
      "id": "5"
    },
    {
      "name": "Luther Shanahan",
      "avatar": "https://images.pexels.com/photos/1535051/pexels-photo-1535051.jpeg?auto=compress&cs=tinysrgb&dpr=2&h=650&w=940",
      "createdAt": "2021-10-08T16:18:30.366Z",
      "id": "6"
    },
    {
      "name": "Teri Emard",
      "avatar": "https://images.pexels.com/photos/8111392/pexels-photo-8111392.jpeg?auto=compress&cs=tinysrgb&dpr=2&h=650&w=940",
      "createdAt": "2021-10-08T22:49:26.102Z",
      "id": "7"
    },
    {
      "name": "Mrs. Penny Baumbach",
      "avatar": "https://images.pexels.com/photos/712513/pexels-photo-712513.jpeg?auto=compress&cs=tinysrgb&dpr=2&h=650&w=940",
      "createdAt": "2021-10-08T03:55:06.396Z",
      "id": "8"
    },
    {
      "name": "Suzanne Kuhn",
      "avatar": "https://images.pexels.com/photos/2690323/pexels-photo-2690323.jpeg?auto=compress&cs=tinysrgb&dpr=2&h=650&w=940",
      "createdAt": "2021-10-08T11:53:53.337Z",
      "id": "9"
    },
    {
      "name": "Mr. Faith Botsford",
      "avatar": "https://images.pexels.com/photos/7120688/pexels-photo-7120688.jpeg?auto=compress&cs=tinysrgb&dpr=1&w=500",
      "createdAt": "2021-10-09T00:44:31.838Z",
      "id": "10"
    },
    {
      "name": "Mrs. Steven Lakin",
      "avatar": "https://images.pexels.com/photos/38289/portrait-photography-profile-face-one-38289.jpeg?auto=compress&cs=tinysrgb&dpr=2&h=650&w=940",
      "createdAt": "2021-10-08T05:23:51.503Z",
      "id": "11"
    },
    {
      "name": "Sabrina Kihn",
      "avatar": "https://images.pexels.com/photos/2616958/pexels-photo-2616958.jpeg?auto=compress&cs=tinysrgb&dpr=2&h=650&w=940",
      "createdAt": "2021-10-08T13:48:40.246Z",
      "id": "12"
    },
    {
      "name": "Mr. Kim Beier",
      "avatar": "https://images.pexels.com/photos/5767464/pexels-photo-5767464.jpeg?auto=compress&cs=tinysrgb&dpr=2&h=650&w=940",
      "createdAt": "2021-10-08T18:30:22.416Z",
      "id": "13"
    },
    {
      "name": "Valerie Boehm",
      "avatar": "https://images.pexels.com/photos/2811089/pexels-photo-2811089.jpeg?auto=compress&cs=tinysrgb&dpr=1&w=500",
      "createdAt": "2021-10-08T15:07:22.131Z",
      "id": "14"
    },
    {
      "name": "John Abshire",
      "avatar": "https://images.pexels.com/photos/1024311/pexels-photo-1024311.jpeg?auto=compress&cs=tinysrgb&dpr=2&h=650&w=940",
      "createdAt": "2021-10-08T06:01:42.322Z",
      "id": "15"
    },
    {
      "name": "Dana Sauer",
      "avatar": "https://images.pexels.com/photos/1130626/pexels-photo-1130626.jpeg?auto=compress&cs=tinysrgb&dpr=2&h=650&w=940",
      "createdAt": "2021-10-08T08:06:08.210Z",
      "id": "16"
    },
    {
      "name": "Debra Buckridge",
      "avatar": "https://images.pexels.com/photos/1758144/pexels-photo-1758144.jpeg?auto=compress&cs=tinysrgb&dpr=2&h=650&w=940",
      "createdAt": "2021-10-08T05:11:27.547Z",
      "id": "17"
    },
    {
      "name": "Bernadette Wiegand",
      "avatar": "https://images.pexels.com/photos/9906562/pexels-photo-9906562.jpeg?auto=compress&cs=tinysrgb&dpr=1&w=500",
      "createdAt": "2021-10-08T14:45:27.850Z",
      "id": "18"
    },
    {
      "name": "Shaun Reichert",
      "avatar": "https://images.pexels.com/photos/3373716/pexels-photo-3373716.jpeg?auto=compress&cs=tinysrgb&dpr=2&h=650&w=940",
      "createdAt": "2021-10-08T14:29:21.112Z",
      "id": "19"
    },
    {
      "name": "Tommie Stehr",
      "avatar": "https://images.pexels.com/photos/9852577/pexels-photo-9852577.jpeg?auto=compress&cs=tinysrgb&dpr=1&w=500",
      "createdAt": "2021-10-08T09:23:56.210Z",
      "id": "20"
    },
    {
      "name": "Mrs. Darlene Kiehn",
      "avatar": "https://images.pexels.com/photos/3536991/pexels-photo-3536991.jpeg?auto=compress&cs=tinysrgb&dpr=2&h=650&w=940",
      "createdAt": "2021-10-08T14:48:22.510Z",
      "id": "21"
    },
    {
      "name": "Faith Doyle",
      "avatar": "https://images.pexels.com/photos/6129365/pexels-photo-6129365.jpeg?auto=compress&cs=tinysrgb&dpr=2&h=650&w=940",
      "createdAt": "2021-10-09T00:07:27.233Z",
      "id": "22"
    },
    {
      "name": "Mrs. Cary Marks",
      "avatar": "https://images.pexels.com/photos/9385963/pexels-photo-9385963.jpeg?auto=compress&cs=tinysrgb&dpr=1&w=500",
      "createdAt": "2021-10-08T08:37:54.548Z",
      "id": "23"
    },
    {
      "name": "Pedro Aufderhar",
      "avatar": "https://images.pexels.com/photos/7331927/pexels-photo-7331927.jpeg?auto=compress&cs=tinysrgb&dpr=2&h=650&w=940",
      "createdAt": "2021-10-08T19:15:47.309Z",
      "id": "24"
    },
    {
      "name": "Casey Mitchell",
      "avatar": "https://images.pexels.com/photos/413959/pexels-photo-413959.jpeg?auto=compress&cs=tinysrgb&dpr=2&h=650&w=940",
      "createdAt": "2021-10-08T16:38:12.737Z",
      "id": "25"
    },
    {
      "name": "Sonia Braun",
      "avatar": "https://images.pexels.com/photos/7588401/pexels-photo-7588401.jpeg?auto=compress&cs=tinysrgb&dpr=2&h=650&w=940",
      "createdAt": "2021-10-08T20:16:10.472Z",
      "id": "26"
    },
    {
      "name": "Joan Satterfield",
      "avatar": "https://images.pexels.com/photos/1308885/pexels-photo-1308885.jpeg?auto=compress&cs=tinysrgb&dpr=1&w=500",
      "createdAt": "2021-10-08T18:37:24.726Z",
      "id": "27"
    },
    {
      "name": "Bridget Jenkins",
      "avatar": "https://images.pexels.com/photos/5012108/pexels-photo-5012108.jpeg?auto=compress&cs=tinysrgb&dpr=2&h=650&w=940",
      "createdAt": "2021-10-08T13:33:35.113Z",
      "id": "28"
    },
    {
      "name": "Katrina Nitzsche",
      "avatar": "https://images.pexels.com/photos/1036623/pexels-photo-1036623.jpeg?auto=compress&cs=tinysrgb&dpr=2&h=650&w=940",
      "createdAt": "2021-10-08T18:43:01.214Z",
      "id": "29"
    },
    {
      "name": "Kayla Senger",
      "avatar": "https://images.pexels.com/photos/9277018/pexels-photo-9277018.jpeg?auto=compress&cs=tinysrgb&dpr=1&w=500",
      "createdAt": "2021-10-08T16:31:38.000Z",
      "id": "30"
    },
    {
      "name": "Iris Mraz III",
      "avatar": "https://images.pexels.com/photos/9985741/pexels-photo-9985741.jpeg?auto=compress&cs=tinysrgb&dpr=2&h=650&w=940",
      "createdAt": "2021-10-08T16:06:27.918Z",
      "id": "31"
    },
    {
      "name": "Sarah Shields",
      "avatar": "https://images.pexels.com/photos/2010877/pexels-photo-2010877.jpeg?auto=compress&cs=tinysrgb&dpr=2&h=650&w=940",
      "createdAt": "2021-10-08T09:39:30.802Z",
      "id": "32"
    },
    {
      "name": "Roberto Orn",
      "avatar": "https://images.pexels.com/photos/2787341/pexels-photo-2787341.jpeg?auto=compress&cs=tinysrgb&dpr=2&h=650&w=940",
      "createdAt": "2021-10-08T19:44:27.632Z",
      "id": "33"
    },
    {
      "name": "Marlon Leannon",
      "avatar": "https://images.pexels.com/photos/7142962/pexels-photo-7142962.jpeg?auto=compress&cs=tinysrgb&dpr=2&h=650&w=940",
      "createdAt": "2021-10-08T14:05:35.715Z",
      "id": "34"
    },
    {
      "name": "Rebecca Lemke",
      "avatar": "https://images.pexels.com/photos/7325249/pexels-photo-7325249.jpeg?auto=compress&cs=tinysrgb&dpr=1&w=500",
      "createdAt": "2021-10-08T20:58:24.459Z",
      "id": "35"
    },
    {
      "name": "Ms. Patrick Denesik",
      "avatar": "https://images.pexels.com/photos/7143201/pexels-photo-7143201.jpeg?auto=compress&cs=tinysrgb&dpr=2&h=650&w=940",
      "createdAt": "2021-10-08T13:14:58.278Z",
      "id": "36"
    },
    {
      "name": "Beatrice Grimes",
      "avatar": "https://images.pexels.com/photos/1372134/pexels-photo-1372134.jpeg?auto=compress&cs=tinysrgb&dpr=2&h=650&w=940",
      "createdAt": "2021-10-08T10:26:54.538Z",
      "id": "37"
    },
    {
      "name": "Sharon Mayer PhD",
      "avatar": "https://images.pexels.com/photos/10569936/pexels-photo-10569936.jpeg?auto=compress&cs=tinysrgb&dpr=2&h=650&w=940",
      "createdAt": "2021-10-10T08:44:46.755Z",
      "id": "38"
    },
    {
      "name": "Dr. Darrin Steuber",
      "avatar": "https://images.pexels.com/photos/1468379/pexels-photo-1468379.jpeg?auto=compress&cs=tinysrgb&dpr=2&h=650&w=940",
      "createdAt": "2021-10-10T12:26:58.473Z",
      "id": "39"
    },
    {
      "name": "Casey Fay",
      "avatar": "https://images.pexels.com/photos/4126684/pexels-photo-4126684.jpeg?auto=compress&cs=tinysrgb&dpr=1&w=500",
      "createdAt": "2021-10-10T18:57:41.074Z",
      "id": "40"
    },
    {
      "name": "Dr. Darryl Nader",
      "avatar": "https://images.pexels.com/photos/4348628/pexels-photo-4348628.jpeg?auto=compress&cs=tinysrgb&dpr=1&w=500",
      "createdAt": "2021-10-10T06:39:47.002Z",
      "id": "41"
    },
    {
      "name": "Mrs. Jonathon Fadel",
      "avatar": "https://images.pexels.com/photos/4348799/pexels-photo-4348799.jpeg?auto=compress&cs=tinysrgb&dpr=2&h=650&w=940",
      "createdAt": "2021-10-11T04:29:48.192Z",
      "id": "42"
    },
    {
      "name": "Paulette Leffler",
      "avatar": "https://images.pexels.com/photos/4126797/pexels-photo-4126797.jpeg?auto=compress&cs=tinysrgb&dpr=1&w=500",
      "createdAt": "2021-10-10T23:25:42.344Z",
      "id": "43"
    },
    {
      "name": "Inez Feeney PhD",
      "avatar": "https://images.pexels.com/photos/8107443/pexels-photo-8107443.jpeg?auto=compress&cs=tinysrgb&dpr=1&w=500",
      "createdAt": "2021-10-10T10:34:47.829Z",
      "id": "44"
    },
    {
      "name": "Eleanor Feeney",
      "avatar": "https://images.pexels.com/photos/4348798/pexels-photo-4348798.jpeg?auto=compress&cs=tinysrgb&dpr=1&w=500",
      "createdAt": "2021-10-10T20:00:01.207Z",
      "id": "45"
    },
    {
      "name": "Christina Nikolaus",
      "avatar": "https://images.pexels.com/photos/6976558/pexels-photo-6976558.jpeg?auto=compress&cs=tinysrgb&dpr=2&h=650&w=940",
      "createdAt": "2021-10-10T10:52:41.859Z",
      "id": "46"
    },
    {
      "name": "Israel Hills",
      "avatar": "https://images.pexels.com/photos/3225889/pexels-photo-3225889.jpeg?auto=compress&cs=tinysrgb&dpr=2&h=650&w=940",
      "createdAt": "2021-10-11T01:28:09.111Z",
      "id": "47"
    },
    {
      "name": "Donald Yundt",
      "avatar": "https://images.pexels.com/photos/9956557/pexels-photo-9956557.jpeg?auto=compress&cs=tinysrgb&dpr=2&h=650&w=940",
      "createdAt": "2021-10-11T02:21:31.769Z",
      "id": "48"
    },
    {
      "name": "Mr. Sabrina Heaney",
      "avatar": "https://images.pexels.com/photos/5480358/pexels-photo-5480358.jpeg?auto=compress&cs=tinysrgb&dpr=1&w=500",
      "createdAt": "2021-10-10T08:07:00.156Z",
      "id": "49"
    },
    {
      "name": "Mrs. Carla Grant",
      "avatar": "https://images.pexels.com/photos/6129365/pexels-photo-6129365.jpeg?auto=compress&cs=tinysrgb&dpr=1&w=500",
      "createdAt": "2021-10-10T09:21:43.962Z",
      "id": "50"
    },
    {
      "name": "Roxanne Rath III",
      "avatar": "https://images.pexels.com/photos/1386604/pexels-photo-1386604.jpeg?auto=compress&cs=tinysrgb&dpr=2&h=650&w=940",
      "createdAt": "2021-10-10T12:56:09.922Z",
      "id": "51"
    },
    {
      "name": "Phillip Lind DDS",
      "avatar": "https://images.pexels.com/photos/4172933/pexels-photo-4172933.jpeg?auto=compress&cs=tinysrgb&dpr=2&h=650&w=940",
      "createdAt": "2021-10-10T18:16:38.694Z",
      "id": "52"
    },
    {
      "name": "Scott Heathcote",
      "avatar": "https://images.pexels.com/photos/4348637/pexels-photo-4348637.jpeg?auto=compress&cs=tinysrgb&dpr=1&w=500",
      "createdAt": "2021-10-10T07:14:38.337Z",
      "id": "53"
    },
    {
      "name": "Mrs. Kelvin Sauer",
      "avatar": "https://images.pexels.com/photos/6875102/pexels-photo-6875102.jpeg?auto=compress&cs=tinysrgb&dpr=2&h=650&w=940",
      "createdAt": "2021-10-10T08:44:39.394Z",
      "id": "54"
    },
    {
      "name": "Carroll Trantow",
      "avatar": "https://images.pexels.com/photos/38554/girl-people-landscape-sun-38554.jpeg?auto=compress&cs=tinysrgb&dpr=1&w=500",
      "createdAt": "2021-10-10T17:32:55.948Z",
      "id": "55"
    },
    {
      "name": "Shawn Watsica",
      "avatar": "https://images.pexels.com/photos/10601299/pexels-photo-10601299.jpeg?auto=compress&cs=tinysrgb&dpr=2&h=650&w=940",
      "createdAt": "2021-10-11T05:21:43.820Z",
      "id": "56"
    },
    {
      "name": "Mrs. Grace Rice",
      "avatar": "https://images.pexels.com/photos/3987107/pexels-photo-3987107.jpeg?auto=compress&cs=tinysrgb&dpr=2&h=650&w=940",
      "createdAt": "2021-10-10T17:59:10.656Z",
      "id": "57"
    },
    {
      "name": "Kimberly Towne",
      "avatar": "https://images.pexels.com/photos/9462346/pexels-photo-9462346.jpeg?auto=compress&cs=tinysrgb&dpr=1&w=500",
      "createdAt": "2021-10-10T08:02:28.394Z",
      "id": "58"
    },
    {
      "name": "Naomi Bechtelar",
      "avatar": "https://images.pexels.com/photos/5480326/pexels-photo-5480326.jpeg?auto=compress&cs=tinysrgb&dpr=1&w=500",
      "createdAt": "2021-10-10T08:55:13.020Z",
      "id": "59"
    },
    {
      "name": "Shane O'Kon",
      "avatar": "https://images.pexels.com/photos/1321909/pexels-photo-1321909.jpeg?auto=compress&cs=tinysrgb&dpr=1&w=500",
      "createdAt": "2021-10-10T08:52:18.747Z",
      "id": "60"
    },
    {
      "name": "Marshall Bayer Sr.",
      "avatar": "https://images.pexels.com/photos/2774197/pexels-photo-2774197.jpeg?auto=compress&cs=tinysrgb&dpr=3&h=750&w=1260",
      "createdAt": "2021-10-11T02:02:09.899Z",
      "id": "61"
    },
    {
      "name": "Alan Witting I",
      "avatar": "https://images.pexels.com/photos/5436044/pexels-photo-5436044.jpeg?auto=compress&cs=tinysrgb&dpr=1&w=500",
      "createdAt": "2021-10-10T08:34:22.773Z",
      "id": "62"
    },
    {
      "name": "DevAT",
      "avatar": "https://images.pexels.com/photos/6075966/pexels-photo-6075966.jpeg?auto=compress&cs=tinysrgb&dpr=2&h=650&w=940",
      "createdAt": "2021-10-11T12:02:02.159Z",
      "id": "gYI6m_9"
    },
    {
      "name": "Hera",
      "avatar": "https://images.pexels.com/photos/5128657/pexels-photo-5128657.jpeg?auto=compress&cs=tinysrgb&dpr=2&h=650&w=940",
      "createdAt": "2021-10-11T12:08:13.963Z",
      "id": "IbG_JcP"
    },
    {
      "name": "Alexandra",
      "avatar": "https://images.pexels.com/photos/4457993/pexels-photo-4457993.jpeg?auto=compress&cs=tinysrgb&dpr=2&h=650&w=940",
      "createdAt": "2021-10-11T12:10:09.756Z",
      "id": "kVkPgpt"
    },
    {
      "name": "MEME",
      "avatar": "https://images.pexels.com/photos/1319911/pexels-photo-1319911.jpeg?auto=compress&cs=tinysrgb&dpr=2&h=650&w=940",
      "createdAt": "2021-10-13T15:33:12.596Z",
      "id": "Y1gtrYJ"
    },
    {
      "name": "Taylor",
      "avatar": "https://images.pexels.com/photos/1308885/pexels-photo-1308885.jpeg?auto=compress&cs=tinysrgb&dpr=2&h=650&w=940",
      "createdAt": "2021-10-14T06:38:35.805Z",
      "id": "gGI2xSg"
    },
    {
      "name": "Hary",
      "avatar": "https://res.cloudinary.com/devat-channel/image/upload/v1632426358/v-network/cnxa0m9alymugi8gn9l9.jpg",
      "createdAt": "2021-10-14T06:41:16.904Z",
      "id": "KsX4xj8"
    },
    {
      "name": "Honey",
      "avatar": "https://images.pexels.com/photos/733872/pexels-photo-733872.jpeg?auto=compress&cs=tinysrgb&dpr=2&h=650&w=940",
      "createdAt": "2021-10-14T08:58:34.810Z",
      "id": "kdjGJrM"
    },
    {
      "name": "Pink ",
      "avatar": "https://images.pexels.com/photos/1036623/pexels-photo-1036623.jpeg?auto=compress&cs=tinysrgb&dpr=2&h=650&w=940",
      "createdAt": "2021-10-14T12:15:03.412Z",
      "id": "jieVzr4"
    },
    {
      "name": "tina",
      "avatar": "https://images.pexels.com/photos/1036622/pexels-photo-1036622.jpeg?auto=compress&cs=tinysrgb&dpr=2&h=650&w=940",
      "createdAt": "2021-10-14T14:02:06.067Z",
      "id": "1MGfFmO"
    },
    {
      "name": "Mark",
      "avatar": "https://images.pexels.com/photos/1043474/pexels-photo-1043474.jpeg?auto=compress&cs=tinysrgb&dpr=2&h=650&w=940",
      "createdAt": "2022-04-20T15:01:25.956Z",
      "id": "ohReWbI"
    },
    {
      "name": "Root",
      "avatar": "https://images.pexels.com/photos/670720/pexels-photo-670720.jpeg?auto=compress&cs=tinysrgb&dpr=2&h=650&w=940",
      "createdAt": "2022-04-20T15:34:14.231Z",
      "id": "JKTO827"
    }
  ]
}